Age,Salary,City_London,City_New York,City_Paris
-1.0,-1.4142135623730951,0.0,1.0,0.0
-0.3333333333333333,0.0,1.0,0.0,0.0
-0.3333333333333333,1.4142135623730951,0.0,0.0,1.0
1.6666666666666667,0.0,1.0,0.0,0.0
